Workbook

Sheet Posts
A1: Post ID | B1: Platform | C1: Date | D1: Content Type | E1: Post Text | F1: Likes | G1: Shares | H1: Comments | I1: Impressions | J1: Engagement Rate | K1: Reach | L1: Clicks | M1: Hashtags Used_1 | N1: Hashtags Used_2 | O1: Campaign_Name | P1: Total Enagagement
A2: SP001 | B2: Instagram | C2: 45781 | D2: Text | E2: Discover fresh beats on Spotify! | F2: 2414 | G2: 245 | H2: 137 | I2: 21181 | J2: =(Posts[[#This Row],[Likes]]+Posts[[#This Row],[Shares]]+Posts[[#This Row],[Comments]])/Posts[[#This Row],[Impressions]] -> 0.1320051 | K2: 45292 | L2: 133 | M2: #SoundtrackOfLife | N2: #NowPlaying | O2: ChillVibes | P2: =SUM(Posts[[#This Row],[Likes]:[Comments]]) -> 2796
A3: SP002 | B3: Instagram | C3: 45689 | D3: Text | E3: Explore the latest podcasts now. | F3: 1934 | G3: 210 | H3: 393 | I3: 29129 | J3: =(Posts[[#This Row],[Likes]]+Posts[[#This Row],[Shares]]+Posts[[#This Row],[Comments]])/Posts[[#This Row],[Impressions]] -> 0.087095335 | K3: 73287 | L3: 273 | M3: #DiscoverWeekly | O3: IndieWave | P3: =SUM(Posts[[#This Row],[Likes]:[Comments]]) -> 2537
A4: SP003 | B4: Twitter | C4: 45629 | D4: Story | E4: New music just dropped. Hit play! | F4: 3092 | G4: 177 | H4: 81 | I4: 47533 | J4: =(Posts[[#This Row],[Likes]]+Posts[[#This Row],[Shares]]+Posts[[#This Row],[Comments]])/Posts[[#This Row],[Impressions]] -> 0.070477353 | K4: 29220 | L4: 121 | M4: #MusicForEveryone | N4: #NowPlaying | O4: ChillVibes | P4: =SUM(Posts[[#This Row],[Likes]:[Comments]]) -> 3350
A5: SP004 | B5: Instagram | C5: 45629 | D5: Text | E5: Wrapped is here! Relive your top tracks ðŸŽ§ | F5: 3173 | G5: 229 | H5: 197 | I5: 29604 | J5: =(Posts[[#This Row],[Likes]]+Posts[[#This Row],[Shares]]+Posts[[#This Row],[Comments]])/Posts[[#This Row],[Impressions]] -> 0.12157141 | K5: 21809 | L5: 272 | M5: #SoundtrackOfLife | N5: #NowPlaying | O5: ChillVibes | P5: =SUM(Posts[[#This Row],[Likes]:[Comments]]) -> 3599
A6: SP005 | B6: YouTube | C6: 45388 | D6: Text | E6: Music that moves youâ€”only on Spotify. | F6: 2748 | G6: 145 | H6: 315 | I6: 24401 | J6: =(Posts[[#This Row],[Likes]]+Posts[[#This Row],[Shares]]+Posts[[#This Row],[Comments]])/Posts[[#This Row],[Impressions]] -> 0.13147002 | K6: 61182 | L6: 200 | M6: #DiscoverWeekly | N6: #SpotifyWrapped | O6: IndieWave | P6: =SUM(Posts[[#This Row],[Likes]:[Comments]]) -> 3208
A7: SP006 | B7: YouTube | C7: 45456 | D7: Text | E7: Whatâ€™s your vibe today? #SpotifyHits | F7: 3882 | G7: 239 | H7: 275 | I7: 58748 | J7: =(Posts[[#This Row],[Likes]]+Posts[[#This Row],[Shares]]+Posts[[#This Row],[Comments]])/Posts[[#This Row],[Impressions]] -> 0.074828079 | K7: 44646 | L7: 149 | M7: #DiscoverWeekly | N7: #SpotifyWrapped | O7: IndieWave | P7: =SUM(Posts[[#This Row],[Likes]:[Comments]]) -> 4396
A8: SP007 | B8: Twitter | C8: 45645 | D8: Story | E8: Get into the groove with our new drop! | F8: 4674 | G8: 409 | H8: 327 | I8: 20756 | J8: =(Posts[[#This Row],[Likes]]+Posts[[#This Row],[Shares]]+Posts[[#This Row],[Comments]])/Posts[[#This Row],[Impressions]] -> 0.26064752 | K8: 63599 | L8: 212 | M8: #SoundtrackOfLife | N8: #NowPlaying | O8: ChillVibes | P8: =SUM(Posts[[#This Row],[Likes]:[Comments]]) -> 5410
A9: SP008 | B9: Twitter | C9: 45421 | D9: Story | E9: Wrapped is here! Relive your top tracks ðŸŽ§ | F9: 1428 | G9: 347 | H9: 67 | I9: 21148 | J9: =(Posts[[#This Row],[Likes]]+Posts[[#This Row],[Shares]]+Posts[[#This Row],[Comments]])/Posts[[#This Row],[Impressions]] -> 0.087100435 | K9: 19712 | L9: 120 | M9: #DiscoverWeekly | N9: #MusicForEveryone | O9: ChillVibes | P9: =SUM(Posts[[#This Row],[Likes]:[Comments]]) -> 1842
A10: SP009 | B10: Twitter | C10: 45823 | D10: Text | E10: Top trending tracks updated daily! | F10: 4432 | G10: 223 | H10: 299 | I10: 59016 | J10: =(Posts[[#This Row],[Likes]]+Posts[[#This Row],[Shares]]+Posts[[#This Row],[Comments]])/Posts[[#This Row],[Impressions]] -> 0.083943337 | K10: 21742 | L10: 171 | M10: #NowPlaying | O10: ChillVibes | P10: =SUM(Posts[[#This Row],[Likes]:[Comments]]) -> 4954
A11: SP010 | B11: Twitter | C11: 45630 | D11: Text | E11: Wrapped is here! Relive your top tracks ðŸŽ§ | F11: 2357 | G11: 274 | H11: 172 | I11: 21566 | J11: =(Posts[[#This Row],[Likes]]+Posts[[#This Row],[Shares]]+Posts[[#This Row],[Comments]])/Posts[[#This Row],[Impressions]] -> 0.12997311 | K11: 66829 | L11: 284 | M11: #NowPlaying | O11: ChillVibes | P11: =SUM(Posts[[#This Row],[Likes]:[Comments]]) -> 2803
A12: SP011 | B12: Twitter | C12: 45357 | D12: Text | E12: Discover fresh beats on Spotify! | F12: 1971 | G12: 370 | H12: 306 | I12: 31316 | J12: =(Posts[[#This Row],[Likes]]+Posts[[#This Row],[Shares]]+Posts[[#This Row],[Comments]])/Posts[[#This Row],[Impressions]] -> 0.084525482 | K12: 27897 | L12: 88 | M12: #SoundtrackOfLife | O12: IndieWave | P12: =SUM(Posts[[#This Row],[Likes]:[Comments]]) -> 2647
A13: SP012 | B13: Instagram | C13: 45426 | D13: Text | E13: Discover fresh beats on Spotify! | F13: 1485 | G13: 353 | H13: 244 | I13: 38419 | J13: =(Posts[[#This Row],[Likes]]+Posts[[#This Row],[Shares]]+Posts[[#This Row],[Comments]])/Posts[[#This Row],[Impressions]] -> 0.054191936 | K13: 38556 | L13: 86 | M13: #SoundtrackOfLife | N13: #NowPlaying | O13: ChillVibes | P13: =SUM(Posts[[#This Row],[Likes]:[Comments]]) -> 2082
A14: SP013 | B14: Twitter | C14: 45826 | D14: Story | E14: Discover fresh beats on Spotify! | F14: 3956 | G14: 319 | H14: 61 | I14: 58162 | J14: =(Posts[[#This Row],[Likes]]+Posts[[#This Row],[Shares]]+Posts[[#This Row],[Comments]])/Posts[[#This Row],[Impressions]] -> 0.074550394 | K14: 28720 | L14: 213 | M14: #MusicForEveryone | N14: #NowPlaying | O14: ChillVibes | P14: =SUM(Posts[[#This Row],[Likes]:[Comments]]) -> 4336
A15: SP014 | B15: Twitter | C15: 45573 | D15: Text | E15: From pop to podcasts, itâ€™s all here. | F15: 2460 | G15: 409 | H15: 253 | I15: 36702 | J15: =(Posts[[#This Row],[Likes]]+Posts[[#This Row],[Shares]]+Posts[[#This Row],[Comments]])/Posts[[#This Row],[Impressions]] -> 0.085063484 | K15: 46122 | L15: 264 | M15: #NowPlaying | O15: ChillVibes | P15: =SUM(Posts[[#This Row],[Likes]:[Comments]]) -> 3122
A16: SP015 | B16: Twitter | C16: 45418 | D16: Text | E16: Your weekend playlist is waiting. | F16: 3476 | G16: 355 | H16: 396 | I16: 37492 | J16: =(Posts[[#This Row],[Likes]]+Posts[[#This Row],[Shares]]+Posts[[#This Row],[Comments]])/Posts[[#This Row],[Impressions]] -> 0.11274405 | K16: 27285 | L16: 179 | M16: #NowPlaying | O16: ChillVibes | P16: =SUM(Posts[[#This Row],[Likes]:[Comments]]) -> 4227
A17: SP016 | B17: Twitter | C17: 45655 | D17: Story | E17: New music just dropped. Hit play! | F17: 4049 | G17: 377 | H17: 94 | I17: 48182 | J17: =(Posts[[#This Row],[Likes]]+Posts[[#This Row],[Shares]]+Posts[[#This Row],[Comments]])/Posts[[#This Row],[Impressions]] -> 0.093810967 | K17: 42875 | L17: 172 | M17: #MusicForEveryone | N17: #NowPlaying | O17: ChillVibes | P17: =SUM(Posts[[#This Row],[Likes]:[Comments]]) -> 4520
A18: SP017 | B18: Twitter | C18: 45453 | D18: Text | E18: Whatâ€™s your vibe today? #SpotifyHits | F18: 1514 | G18: 164 | H18: 275 | I18: 41364 | J18: =(Posts[[#This Row],[Likes]]+Posts[[#This Row],[Shares]]+Posts[[#This Row],[Comments]])/Posts[[#This Row],[Impressions]] -> 0.04721497 | K18: 44389 | L18: 83 | M18: #NowPlaying | O18: ChillVibes | P18: =SUM(Posts[[#This Row],[Likes]:[Comments]]) -> 1953
A19: SP018 | B19: Instagram | C19: 45325 | D19: Story | E19: Music that moves youâ€”only on Spotify. | F19: 4281 | G19: 101 | H19: 163 | I19: 32278 | J19: =(Posts[[#This Row],[Likes]]+Posts[[#This Row],[Shares]]+Posts[[#This Row],[Comments]])/Posts[[#This Row],[Impressions]] -> 0.14080798 | K19: 53382 | L19: 235 | M19: #NowPlaying | O19: Wrapped2024 | P19: =SUM(Posts[[#This Row],[Likes]:[Comments]]) -> 4545
A20: SP019 | B20: YouTube | C20: 45458 | D20: Reel | E20: Get into the groove with our new drop! | F20: 1751 | G20: 143 | H20: 151 | I20: 31826 | J20: =(Posts[[#This Row],[Likes]]+Posts[[#This Row],[Shares]]+Posts[[#This Row],[Comments]])/Posts[[#This Row],[Impressions]] -> 0.06425564 | K20: 47729 | L20: 95 | M20: #DiscoverWeekly | N20: #SoundtrackOfLife | O20: SummerBeats | P20: =SUM(Posts[[#This Row],[Likes]:[Comments]]) -> 2045
A21: SP020 | B21: Instagram | C21: 45478 | D21: Text | E21: Your weekend playlist is waiting. | F21: 3753 | G21: 411 | H21: 308 | I21: 29138 | J21: =(Posts[[#This Row],[Likes]]+Posts[[#This Row],[Shares]]+Posts[[#This Row],[Comments]])/Posts[[#This Row],[Impressions]] -> 0.15347656 | K21: 27678 | L21: 90 | M21: #DiscoverWeekly | O21: IndieWave | P21: =SUM(Posts[[#This Row],[Likes]:[Comments]]) -> 4472
A22: SP021 | B22: Instagram | C22: 45603 | D22: Story | E22: Wrapped is here! Relive your top tracks ðŸŽ§ | F22: 1678 | G22: 423 | H22: 323 | I22: 55668 | J22: =(Posts[[#This Row],[Likes]]+Posts[[#This Row],[Shares]]+Posts[[#This Row],[Comments]])/Posts[[#This Row],[Impressions]] -> 0.043543867 | K22: 37945 | L22: 230 | M22: #NowPlaying | O22: Wrapped2024 | P22: =SUM(Posts[[#This Row],[Likes]:[Comments]]) -> 2424
A23: SP022 | B23: Instagram | C23: 45823 | D23: Text | E23: Whatâ€™s your vibe today? #SpotifyHits | F23: 4896 | G23: 466 | H23: 233 | I23: 28621 | J23: =(Posts[[#This Row],[Likes]]+Posts[[#This Row],[Shares]]+Posts[[#This Row],[Comments]])/Posts[[#This Row],[Impressions]] -> 0.19548583 | K23: 34270 | L23: 84 | M23: #SoundtrackOfLife | N23: #NowPlaying | O23: ChillVibes | P23: =SUM(Posts[[#This Row],[Likes]:[Comments]]) -> 5595
A24: SP023 | B24: YouTube | C24: 45452 | D24: Reel | E24: From pop to podcasts, itâ€™s all here. | F24: 2786 | G24: 368 | H24: 208 | I24: 42000 | J24: =(Posts[[#This Row],[Likes]]+Posts[[#This Row],[Shares]]+Posts[[#This Row],[Comments]])/Posts[[#This Row],[Impressions]] -> 0.080047619 | K24: 39967 | L24: 103 | M24: #DiscoverWeekly | N24: #SoundtrackOfLife | O24: SummerBeats | P24: =SUM(Posts[[#This Row],[Likes]:[Comments]]) -> 3362
A25: SP024 | B25: Twitter | C25: 45583 | D25: Text | E25: New music just dropped. Hit play! | F25: 2607 | G25: 379 | H25: 180 | I25: 28712 | J25: =(Posts[[#This Row],[Likes]]+Posts[[#This Row],[Shares]]+Posts[[#This Row],[Comments]])/Posts[[#This Row],[Impressions]] -> 0.11026748 | K25: 61620 | L25: 174 | M25: #SoundtrackOfLife | O25: IndieWave | P25: =SUM(Posts[[#This Row],[Likes]:[Comments]]) -> 3166
A26: SP025 | B26: YouTube | C26: 45575 | D26: Reel | E26: From pop to podcasts, itâ€™s all here. | F26: 4013 | G26: 320 | H26: 92 | I26: 54605 | J26: =(Posts[[#This Row],[Likes]]+Posts[[#This Row],[Shares]]+Posts[[#This Row],[Comments]])/Posts[[#This Row],[Impressions]] -> 0.081036535 | K26: 60169 | L26: 232 | M26: #DiscoverWeekly | N26: #SoundtrackOfLife | O26: SummerBeats | P26: =SUM(Posts[[#This Row],[Likes]:[Comments]]) -> 4425
A27: SP026 | B27: Twitter | C27: 45791 | D27: Story | E27: From pop to podcasts, itâ€™s all here. | F27: 2707 | G27: 103 | H27: 51 | I27: 55302 | J27: =(Posts[[#This Row],[Likes]]+Posts[[#This Row],[Shares]]+Posts[[#This Row],[Comments]])/Posts[[#This Row],[Impressions]] -> 0.051734114 | K27: 18801 | L27: 147 | M27: #DiscoverWeekly | N27: #MusicForEveryone | O27: ChillVibes | P27: =SUM(Posts[[#This Row],[Likes]:[Comments]]) -> 2861
A28: SP027 | B28: Instagram | C28: 45625 | D28: Text | E28: Whatâ€™s your vibe today? #SpotifyHits | F28: 2824 | G28: 425 | H28: 274 | I28: 31004 | J28: =(Posts[[#This Row],[Likes]]+Posts[[#This Row],[Shares]]+Posts[[#This Row],[Comments]])/Posts[[#This Row],[Impressions]] -> 0.1136305 | K28: 53488 | L28: 268 | M28: #SoundtrackOfLife | N28: #NowPlaying | O28: ChillVibes | P28: =SUM(Posts[[#This Row],[Likes]:[Comments]]) -> 3523
A29: SP028 | B29: YouTube | C29: 45356 | D29: Reel | E29: Explore the latest podcasts now. | F29: 3558 | G29: 314 | H29: 199 | I29: 49612 | J29: =(Posts[[#This Row],[Likes]]+Posts[[#This Row],[Shares]]+Posts[[#This Row],[Comments]])/Posts[[#This Row],[Impressions]] -> 0.08205676 | K29: 53929 | L29: 206 | M29: #DiscoverWeekly | N29: #SoundtrackOfLife | O29: SummerBeats | P29: =SUM(Posts[[#This Row],[Likes]:[Comments]]) -> 4071
A30: SP029 | B30: Twitter | C30: 45734 | D30: Story | E30: Explore the latest podcasts now. | F30: 3418 | G30: 188 | H30: 387 | I30: 57431 | J30: =(Posts[[#This Row],[Likes]]+Posts[[#This Row],[Shares]]+Posts[[#This Row],[Comments]])/Posts[[#This Row],[Impressions]] -> 0.069526911 | K30: 36933 | L30: 202 | M30: #MusicForEveryone | N30: #NowPlaying | O30: ChillVibes | P30: =SUM(Posts[[#This Row],[Likes]:[Comments]]) -> 3993
A31: SP030 | B31: Twitter | C31: 45773 | D31: Text | E31: Discover fresh beats on Spotify! | F31: 2411 | G31: 194 | H31: 168 | I31: 26665 | J31: =(Posts[[#This Row],[Likes]]+Posts[[#This Row],[Shares]]+Posts[[#This Row],[Comments]])/Posts[[#This Row],[Impressions]] -> 0.103994 | K31: 71699 | L31: 197 | M31: #NowPlaying | O31: ChillVibes | P31: =SUM(Posts[[#This Row],[Likes]:[Comments]]) -> 2773
A32: SP031 | B32: Instagram | C32: 45658 | D32: Text | E32: New music just dropped. Hit play! | F32: 4036 | G32: 112 | H32: 382 | I32: 56284 | J32: =(Posts[[#This Row],[Likes]]+Posts[[#This Row],[Shares]]+Posts[[#This Row],[Comments]])/Posts[[#This Row],[Impressions]] -> 0.080484685 | K32: 29440 | L32: 279 | M32: #SoundtrackOfLife | N32: #NowPlaying | O32: ChillVibes | P32: =SUM(Posts[[#This Row],[Likes]:[Comments]]) -> 4530
A33: SP032 | B33: Twitter | C33: 45419 | D33: Story | E33: Explore the latest podcasts now. | F33: 2776 | G33: 307 | H33: 178 | I33: 43365 | J33: =(Posts[[#This Row],[Likes]]+Posts[[#This Row],[Shares]]+Posts[[#This Row],[Comments]])/Posts[[#This Row],[Impressions]] -> 0.075198893 | K33: 48408 | L33: 138 | M33: #SoundtrackOfLife | N33: #NowPlaying | O33: ChillVibes | P33: =SUM(Posts[[#This Row],[Likes]:[Comments]]) -> 3261
A34: SP033 | B34: Twitter | C34: 45574 | D34: Story | E34: Discover fresh beats on Spotify! | F34: 4929 | G34: 182 | H34: 95 | I34: 32181 | J34: =(Posts[[#This Row],[Likes]]+Posts[[#This Row],[Shares]]+Posts[[#This Row],[Comments]])/Posts[[#This Row],[Impressions]] -> 0.16177247 | K34: 31084 | L34: 289 | M34: #DiscoverWeekly | N34: #MusicForEveryone | O34: ChillVibes | P34: =SUM(Posts[[#This Row],[Likes]:[Comments]]) -> 5206
A35: SP034 | B35: Instagram | C35: 45666 | D35: Text | E35: New music just dropped. Hit play! | F35: 1015 | G35: 366 | H35: 308 | I35: 38127 | J35: =(Posts[[#This Row],[Likes]]+Posts[[#This Row],[Shares]]+Posts[[#This Row],[Comments]])/Posts[[#This Row],[Impressions]] -> 0.044299315 | K35: 63790 | L35: 287 | M35: #SoundtrackOfLife | N35: #NowPlaying | O35: ChillVibes | P35: =SUM(Posts[[#This Row],[Likes]:[Comments]]) -> 1689
A36: SP035 | B36: Twitter | C36: 45785 | D36: Story | E36: Your weekend playlist is waiting. | F36: 3316 | G36: 332 | H36: 268 | I36: 40095 | J36: =(Posts[[#This Row],[Likes]]+Posts[[#This Row],[Shares]]+Posts[[#This Row],[Comments]])/Posts[[#This Row],[Impressions]] -> 0.097668038 | K36: 36913 | L36: 265 | M36: #MusicForEveryone | N36: #NowPlaying | O36: ChillVibes | P36: =SUM(Posts[[#This Row],[Likes]:[Comments]]) -> 3916
A37: SP036 | B37: Instagram | C37: 45416 | D37: Text | E37: Wrapped is here! Relive your top tracks ðŸŽ§ | F37: 2274 | G37: 243 | H37: 222 | I37: 43066 | J37: =(Posts[[#This Row],[Likes]]+Posts[[#This Row],[Shares]]+Posts[[#This Row],[Comments]])/Posts[[#This Row],[Impressions]] -> 0.063600056 | K37: 59174 | L37: 80 | M37: #DiscoverWeekly | O37: IndieWave | P37: =SUM(Posts[[#This Row],[Likes]:[Comments]]) -> 2739
A38: SP037 | B38: Twitter | C38: 45804 | D38: Story | E38: Explore the latest podcasts now. | F38: 4095 | G38: 385 | H38: 400 | I38: 45300 | J38: =(Posts[[#This Row],[Likes]]+Posts[[#This Row],[Shares]]+Posts[[#This Row],[Comments]])/Posts[[#This Row],[Impressions]] -> 0.10772627 | K38: 31795 | L38: 80 | M38: #MusicForEveryone | N38: #NowPlaying | O38: ChillVibes | P38: =SUM(Posts[[#This Row],[Likes]:[Comments]]) -> 4880
A39: SP038 | B39: Instagram | C39: 45545 | D39: Story | E39: New music just dropped. Hit play! | F39: 1230 | G39: 309 | H39: 207 | I39: 44629 | J39: =(Posts[[#This Row],[Likes]]+Posts[[#This Row],[Shares]]+Posts[[#This Row],[Comments]])/Posts[[#This Row],[Impressions]] -> 0.039122544 | K39: 40699 | L39: 195 | M39: #NowPlaying | O39: Wrapped2024 | P39: =SUM(Posts[[#This Row],[Likes]:[Comments]]) -> 1746
A40: SP039 | B40: Instagram | C40: 45621 | D40: Text | E40: From pop to podcasts, itâ€™s all here. | F40: 1341 | G40: 472 | H40: 238 | I40: 51386 | J40: =(Posts[[#This Row],[Likes]]+Posts[[#This Row],[Shares]]+Posts[[#This Row],[Comments]])/Posts[[#This Row],[Impressions]] -> 0.039913595 | K40: 51706 | L40: 133 | M40: #DiscoverWeekly | O40: IndieWave | P40: =SUM(Posts[[#This Row],[Likes]:[Comments]]) -> 2051
A41: SP040 | B41: Twitter | C41: 45818 | D41: Text | E41: Explore the latest podcasts now. | F41: 3615 | G41: 192 | H41: 162 | I41: 27492 | J41: =(Posts[[#This Row],[Likes]]+Posts[[#This Row],[Shares]]+Posts[[#This Row],[Comments]])/Posts[[#This Row],[Impressions]] -> 0.14436927 | K41: 35341 | L41: 125 | M41: #NowPlaying | O41: ChillVibes | P41: =SUM(Posts[[#This Row],[Likes]:[Comments]]) -> 3969
A42: SP041 | B42: Instagram | C42: 45401 | D42: Text | E42: New music just dropped. Hit play! | F42: 4001 | G42: 353 | H42: 129 | I42: 41265 | J42: =(Posts[[#This Row],[Likes]]+Posts[[#This Row],[Shares]]+Posts[[#This Row],[Comments]])/Posts[[#This Row],[Impressions]] -> 0.10863928 | K42: 37279 | L42: 275 | M42: #SoundtrackOfLife | N42: #NowPlaying | O42: ChillVibes | P42: =SUM(Posts[[#This Row],[Likes]:[Comments]]) -> 4483
A43: SP042 | B43: Instagram | C43: 45683 | D43: Story | E43: Whatâ€™s your vibe today? #SpotifyHits | F43: 3451 | G43: 363 | H43: 393 | I43: 44853 | J43: =(Posts[[#This Row],[Likes]]+Posts[[#This Row],[Shares]]+Posts[[#This Row],[Comments]])/Posts[[#This Row],[Impressions]] -> 0.093795287 | K43: 69032 | L43: 211 | M43: #NowPlaying | O43: Wrapped2024 | P43: =SUM(Posts[[#This Row],[Likes]:[Comments]]) -> 4207
A44: SP043 | B44: Instagram | C44: 45702 | D44: Text | E44: Top trending tracks updated daily! | F44: 4891 | G44: 450 | H44: 387 | I44: 48746 | J44: =(Posts[[#This Row],[Likes]]+Posts[[#This Row],[Shares]]+Posts[[#This Row],[Comments]])/Posts[[#This Row],[Impressions]] -> 0.11750708 | K44: 37312 | L44: 154 | M44: #SoundtrackOfLife | N44: #NowPlaying | O44: ChillVibes | P44: =SUM(Posts[[#This Row],[Likes]:[Comments]]) -> 5728
A45: SP044 | B45: Instagram | C45: 45541 | D45: Text | E45: New music just dropped. Hit play! | F45: 1452 | G45: 281 | H45: 326 | I45: 51556 | J45: =(Posts[[#This Row],[Likes]]+Posts[[#This Row],[Shares]]+Posts[[#This Row],[Comments]])/Posts[[#This Row],[Impressions]] -> 0.039937156 | K45: 62599 | L45: 290 | M45: #DiscoverWeekly | O45: IndieWave | P45: =SUM(Posts[[#This Row],[Likes]:[Comments]]) -> 2059
A46: SP045 | B46: YouTube | C46: 45487 | D46: Text | E46: Your weekend playlist is waiting. | F46: 3806 | G46: 114 | H46: 278 | I46: 36148 | J46: =(Posts[[#This Row],[Likes]]+Posts[[#This Row],[Shares]]+Posts[[#This Row],[Comments]])/Posts[[#This Row],[Impressions]] -> 0.11613367 | K46: 24209 | L46: 201 | M46: #DiscoverWeekly | N46: #SpotifyWrapped | O46: IndieWave | P46: =SUM(Posts[[#This Row],[Likes]:[Comments]]) -> 4198
A47: SP046 | B47: Instagram | C47: 45334 | D47: Text | E47: Explore the latest podcasts now. | F47: 2923 | G47: 330 | H47: 250 | I47: 23993 | J47: =(Posts[[#This Row],[Likes]]+Posts[[#This Row],[Shares]]+Posts[[#This Row],[Comments]])/Posts[[#This Row],[Impressions]] -> 0.14600092 | K47: 74590 | L47: 92 | M47: #DiscoverWeekly | O47: IndieWave | P47: =SUM(Posts[[#This Row],[Likes]:[Comments]]) -> 3503
A48: SP047 | B48: YouTube | C48: 45365 | D48: Reel | E48: From pop to podcasts, itâ€™s all here. | F48: 3361 | G48: 188 | H48: 358 | I48: 39838 | J48: =(Posts[[#This Row],[Likes]]+Posts[[#This Row],[Shares]]+Posts[[#This Row],[Comments]])/Posts[[#This Row],[Impressions]] -> 0.098072192 | K48: 24536 | L48: 120 | M48: #DiscoverWeekly | N48: #SoundtrackOfLife | O48: SummerBeats | P48: =SUM(Posts[[#This Row],[Likes]:[Comments]]) -> 3907
A49: SP048 | B49: Instagram | C49: 45693 | D49: Story | E49: Music that moves youâ€”only on Spotify. | F49: 3074 | G49: 371 | H49: 348 | I49: 24104 | J49: =(Posts[[#This Row],[Likes]]+Posts[[#This Row],[Shares]]+Posts[[#This Row],[Comments]])/Posts[[#This Row],[Impressions]] -> 0.15735977 | K49: 57803 | L49: 213 | M49: #NowPlaying | O49: Wrapped2024 | P49: =SUM(Posts[[#This Row],[Likes]:[Comments]]) -> 3793
A50: SP049 | B50: Twitter | C50: 45533 | D50: Story | E50: Get into the groove with our new drop! | F50: 4276 | G50: 227 | H50: 223 | I50: 43443 | J50: =(Posts[[#This Row],[Likes]]+Posts[[#This Row],[Shares]]+Posts[[#This Row],[Comments]])/Posts[[#This Row],[Impressions]] -> 0.10878623 | K50: 41005 | L50: 191 | M50: #DiscoverWeekly | N50: #MusicForEveryone | O50: ChillVibes | P50: =SUM(Posts[[#This Row],[Likes]:[Comments]]) -> 4726
A51: SP050 | B51: Twitter | C51: 45769 | D51: Text | E51: Discover fresh beats on Spotify! | F51: 4401 | G51: 421 | H51: 216 | I51: 24890 | J51: =(Posts[[#This Row],[Likes]]+Posts[[#This Row],[Shares]]+Posts[[#This Row],[Comments]])/Posts[[#This Row],[Impressions]] -> 0.20241061 | K51: 54361 | L51: 148 | M51: #NowPlaying | O51: ChillVibes | P51: =SUM(Posts[[#This Row],[Likes]:[Comments]]) -> 5038
A52: SP051 | B52: YouTube | C52: 45425 | D52: Reel | E52: Explore the latest podcasts now. | F52: 4161 | G52: 481 | H52: 61 | I52: 45884 | J52: =(Posts[[#This Row],[Likes]]+Posts[[#This Row],[Shares]]+Posts[[#This Row],[Comments]])/Posts[[#This Row],[Impressions]] -> 0.1024976 | K52: 48955 | L52: 215 | M52: #DiscoverWeekly | N52: #SoundtrackOfLife | O52: SummerBeats | P52: =SUM(Posts[[#This Row],[Likes]:[Comments]]) -> 4703
A53: SP052 | B53: Twitter | C53: 45539 | D53: Story | E53: New music just dropped. Hit play! | F53: 2613 | G53: 455 | H53: 228 | I53: 21645 | J53: =(Posts[[#This Row],[Likes]]+Posts[[#This Row],[Shares]]+Posts[[#This Row],[Comments]])/Posts[[#This Row],[Impressions]] -> 0.15227535 | K53: 61334 | L53: 261 | M53: #DiscoverWeekly | N53: #MusicForEveryone | O53: ChillVibes | P53: =SUM(Posts[[#This Row],[Likes]:[Comments]]) -> 3296
A54: SP053 | B54: Twitter | C54: 45516 | D54: Story | E54: Whatâ€™s your vibe today? #SpotifyHits | F54: 2842 | G54: 213 | H54: 331 | I54: 57660 | J54: =(Posts[[#This Row],[Likes]]+Posts[[#This Row],[Shares]]+Posts[[#This Row],[Comments]])/Posts[[#This Row],[Impressions]] -> 0.058723552 | K54: 68606 | L54: 87 | M54: #MusicForEveryone | N54: #NowPlaying | O54: ChillVibes | P54: =SUM(Posts[[#This Row],[Likes]:[Comments]]) -> 3386
A55: SP054 | B55: Instagram | C55: 45722 | D55: Text | E55: Get into the groove with our new drop! | F55: 4851 | G55: 460 | H55: 212 | I55: 58075 | J55: =(Posts[[#This Row],[Likes]]+Posts[[#This Row],[Shares]]+Posts[[#This Row],[Comments]])/Posts[[#This Row],[Impressions]] -> 0.095101162 | K55: 59574 | L55: 239 | M55: #DiscoverWeekly | O55: IndieWave | P55: =SUM(Posts[[#This Row],[Likes]:[Comments]]) -> 5523
A56: SP055 | B56: Twitter | C56: 45420 | D56: Text | E56: Explore the latest podcasts now. | F56: 1828 | G56: 450 | H56: 214 | I56: 52115 | J56: =(Posts[[#This Row],[Likes]]+Posts[[#This Row],[Shares]]+Posts[[#This Row],[Comments]])/Posts[[#This Row],[Impressions]] -> 0.047817327 | K56: 19166 | L56: 190 | M56: #NowPlaying | O56: ChillVibes | P56: =SUM(Posts[[#This Row],[Likes]:[Comments]]) -> 2492
A57: SP056 | B57: Instagram | C57: 45707 | D57: Story | E57: From pop to podcasts, itâ€™s all here. | F57: 2422 | G57: 455 | H57: 376 | I57: 23428 | J57: =(Posts[[#This Row],[Likes]]+Posts[[#This Row],[Shares]]+Posts[[#This Row],[Comments]])/Posts[[#This Row],[Impressions]] -> 0.13885095 | K57: 46775 | L57: 259 | M57: #NowPlaying | O57: Wrapped2024 | P57: =SUM(Posts[[#This Row],[Likes]:[Comments]]) -> 3253
A58: SP057 | B58: Instagram | C58: 45299 | D58: Text | E58: Top trending tracks updated daily! | F58: 2683 | G58: 405 | H58: 223 | I58: 31233 | J58: =(Posts[[#This Row],[Likes]]+Posts[[#This Row],[Shares]]+Posts[[#This Row],[Comments]])/Posts[[#This Row],[Impressions]] -> 0.10600967 | K58: 58106 | L58: 291 | M58: #DiscoverWeekly | O58: IndieWave | P58: =SUM(Posts[[#This Row],[Likes]:[Comments]]) -> 3311
A59: SP058 | B59: YouTube | C59: 45490 | D59: Text | E59: Top trending tracks updated daily! | F59: 3135 | G59: 110 | H59: 215 | I59: 39192 | J59: =(Posts[[#This Row],[Likes]]+Posts[[#This Row],[Shares]]+Posts[[#This Row],[Comments]])/Posts[[#This Row],[Impressions]] -> 0.088283323 | K59: 24744 | L59: 177 | M59: #DiscoverWeekly | N59: #SpotifyWrapped | O59: IndieWave | P59: =SUM(Posts[[#This Row],[Likes]:[Comments]]) -> 3460
A60: SP059 | B60: YouTube | C60: 45514 | D60: Text | E60: From pop to podcasts, itâ€™s all here. | F60: 1105 | G60: 181 | H60: 55 | I60: 53581 | J60: =(Posts[[#This Row],[Likes]]+Posts[[#This Row],[Shares]]+Posts[[#This Row],[Comments]])/Posts[[#This Row],[Impressions]] -> 0.025027528 | K60: 74048 | L60: 220 | M60: #DiscoverWeekly | N60: #SpotifyWrapped | O60: IndieWave | P60: =SUM(Posts[[#This Row],[Likes]:[Comments]]) -> 1341
A61: SP060 | B61: YouTube | C61: 45398 | D61: Text | E61: Discover fresh beats on Spotify! | F61: 4674 | G61: 326 | H61: 62 | I61: 45503 | J61: =(Posts[[#This Row],[Likes]]+Posts[[#This Row],[Shares]]+Posts[[#This Row],[Comments]])/Posts[[#This Row],[Impressions]] -> 0.11124541 | K61: 46814 | L61: 116 | M61: #DiscoverWeekly | N61: #SpotifyWrapped | O61: IndieWave | P61: =SUM(Posts[[#This Row],[Likes]:[Comments]]) -> 5062
A62: SP061 | B62: YouTube | C62: 45292 | D62: Reel | E62: Explore the latest podcasts now. | F62: 3437 | G62: 129 | H62: 359 | I62: 44558 | J62: =(Posts[[#This Row],[Likes]]+Posts[[#This Row],[Shares]]+Posts[[#This Row],[Comments]])/Posts[[#This Row],[Impressions]] -> 0.088087437 | K62: 30854 | L62: 171 | M62: #DiscoverWeekly | N62: #SoundtrackOfLife | O62: SummerBeats | P62: =SUM(Posts[[#This Row],[Likes]:[Comments]]) -> 3925
A63: SP062 | B63: Twitter | C63: 45599 | D63: Story | E63: Wrapped is here! Relive your top tracks ðŸŽ§ | F63: 1959 | G63: 316 | H63: 82 | I63: 54036 | J63: =(Posts[[#This Row],[Likes]]+Posts[[#This Row],[Shares]]+Posts[[#This Row],[Comments]])/Posts[[#This Row],[Impressions]] -> 0.043619069 | K63: 69015 | L63: 182 | M63: #MusicForEveryone | N63: #NowPlaying | O63: ChillVibes | P63: =SUM(Posts[[#This Row],[Likes]:[Comments]]) -> 2357
A64: SP063 | B64: Twitter | C64: 45480 | D64: Text | E64: New music just dropped. Hit play! | F64: 1035 | G64: 137 | H64: 184 | I64: 37302 | J64: =(Posts[[#This Row],[Likes]]+Posts[[#This Row],[Shares]]+Posts[[#This Row],[Comments]])/Posts[[#This Row],[Impressions]] -> 0.036351938 | K64: 68953 | L64: 237 | M64: #SoundtrackOfLife | O64: IndieWave | P64: =SUM(Posts[[#This Row],[Likes]:[Comments]]) -> 1356
A65: SP064 | B65: Twitter | C65: 45679 | D65: Story | E65: New music just dropped. Hit play! | F65: 4478 | G65: 101 | H65: 121 | I65: 51035 | J65: =(Posts[[#This Row],[Likes]]+Posts[[#This Row],[Shares]]+Posts[[#This Row],[Comments]])/Posts[[#This Row],[Impressions]] -> 0.092093661 | K65: 58207 | L65: 205 | M65: #MusicForEveryone | N65: #NowPlaying | O65: ChillVibes | P65: =SUM(Posts[[#This Row],[Likes]:[Comments]]) -> 4700
A66: SP065 | B66: YouTube | C66: 45438 | D66: Text | E66: From pop to podcasts, itâ€™s all here. | F66: 1488 | G66: 327 | H66: 110 | I66: 53805 | J66: =(Posts[[#This Row],[Likes]]+Posts[[#This Row],[Shares]]+Posts[[#This Row],[Comments]])/Posts[[#This Row],[Impressions]] -> 0.035777344 | K66: 30239 | L66: 109 | M66: #DiscoverWeekly | N66: #SpotifyWrapped | O66: IndieWave | P66: =SUM(Posts[[#This Row],[Likes]:[Comments]]) -> 1925
A67: SP066 | B67: Instagram | C67: 45763 | D67: Text | E67: Wrapped is here! Relive your top tracks ðŸŽ§ | F67: 4836 | G67: 331 | H67: 140 | I67: 58792 | J67: =(Posts[[#This Row],[Likes]]+Posts[[#This Row],[Shares]]+Posts[[#This Row],[Comments]])/Posts[[#This Row],[Impressions]] -> 0.090267383 | K67: 47711 | L67: 227 | M67: #SoundtrackOfLife | N67: #NowPlaying | O67: ChillVibes | P67: =SUM(Posts[[#This Row],[Likes]:[Comments]]) -> 5307
A68: SP067 | B68: YouTube | C68: 45384 | D68: Reel | E68: Your weekend playlist is waiting. | F68: 4563 | G68: 488 | H68: 356 | I68: 30619 | J68: =(Posts[[#This Row],[Likes]]+Posts[[#This Row],[Shares]]+Posts[[#This Row],[Comments]])/Posts[[#This Row],[Impressions]] -> 0.1765897 | K68: 23328 | L68: 267 | M68: #DiscoverWeekly | N68: #SoundtrackOfLife | O68: SummerBeats | P68: =SUM(Posts[[#This Row],[Likes]:[Comments]]) -> 5407
A69: SP068 | B69: Twitter | C69: 45379 | D69: Text | E69: Music that moves youâ€”only on Spotify. | F69: 3276 | G69: 421 | H69: 114 | I69: 20580 | J69: =(Posts[[#This Row],[Likes]]+Posts[[#This Row],[Shares]]+Posts[[#This Row],[Comments]])/Posts[[#This Row],[Impressions]] -> 0.18517979 | K69: 30324 | L69: 221 | M69: #SoundtrackOfLife | O69: IndieWave | P69: =SUM(Posts[[#This Row],[Likes]:[Comments]]) -> 3811
A70: SP069 | B70: Twitter | C70: 45643 | D70: Story | E70: Music that moves youâ€”only on Spotify. | F70: 1316 | G70: 472 | H70: 286 | I70: 44692 | J70: =(Posts[[#This Row],[Likes]]+Posts[[#This Row],[Shares]]+Posts[[#This Row],[Comments]])/Posts[[#This Row],[Impressions]] -> 0.046406516 | K70: 53343 | L70: 227 | M70: #DiscoverWeekly | N70: #MusicForEveryone | O70: ChillVibes | P70: =SUM(Posts[[#This Row],[Likes]:[Comments]]) -> 2074
A71: SP070 | B71: Twitter | C71: 45662 | D71: Text | E71: Wrapped is here! Relive your top tracks ðŸŽ§ | F71: 4811 | G71: 473 | H71: 254 | I71: 51964 | J71: =(Posts[[#This Row],[Likes]]+Posts[[#This Row],[Shares]]+Posts[[#This Row],[Comments]])/Posts[[#This Row],[Impressions]] -> 0.10657378 | K71: 68795 | L71: 107 | M71: #NowPlaying | O71: ChillVibes | P71: =SUM(Posts[[#This Row],[Likes]:[Comments]]) -> 5538
A72: SP071 | B72: Twitter | C72: 45302 | D72: Text | E72: Whatâ€™s your vibe today? #SpotifyHits | F72: 4218 | G72: 247 | H72: 183 | I72: 28914 | J72: =(Posts[[#This Row],[Likes]]+Posts[[#This Row],[Shares]]+Posts[[#This Row],[Comments]])/Posts[[#This Row],[Impressions]] -> 0.16075258 | K72: 18310 | L72: 135 | M72: #SoundtrackOfLife | O72: IndieWave | P72: =SUM(Posts[[#This Row],[Likes]:[Comments]]) -> 4648
A73: SP072 | B73: Instagram | C73: 45576 | D73: Text | E73: From pop to podcasts, itâ€™s all here. | F73: 1360 | G73: 249 | H73: 52 | I73: 20368 | J73: =(Posts[[#This Row],[Likes]]+Posts[[#This Row],[Shares]]+Posts[[#This Row],[Comments]])/Posts[[#This Row],[Impressions]] -> 0.081549489 | K73: 42152 | L73: 193 | M73: #DiscoverWeekly | O73: IndieWave | P73: =SUM(Posts[[#This Row],[Likes]:[Comments]]) -> 1661
A74: SP073 | B74: YouTube | C74: 45783 | D74: Reel | E74: Discover fresh beats on Spotify! | F74: 1085 | G74: 496 | H74: 320 | I74: 36528 | J74: =(Posts[[#This Row],[Likes]]+Posts[[#This Row],[Shares]]+Posts[[#This Row],[Comments]])/Posts[[#This Row],[Impressions]] -> 0.052042269 | K74: 38599 | L74: 270 | M74: #DiscoverWeekly | N74: #SoundtrackOfLife | O74: SummerBeats | P74: =SUM(Posts[[#This Row],[Likes]:[Comments]]) -> 1901
A75: SP074 | B75: Twitter | C75: 45431 | D75: Story | E75: Get into the groove with our new drop! | F75: 1763 | G75: 206 | H75: 187 | I75: 53342 | J75: =(Posts[[#This Row],[Likes]]+Posts[[#This Row],[Shares]]+Posts[[#This Row],[Comments]])/Posts[[#This Row],[Impressions]] -> 0.040418432 | K75: 25095 | L75: 88 | M75: #DiscoverWeekly | N75: #MusicForEveryone | O75: ChillVibes | P75: =SUM(Posts[[#This Row],[Likes]:[Comments]]) -> 2156
A76: SP075 | B76: Twitter | C76: 45313 | D76: Story | E76: From pop to podcasts, itâ€™s all here. | F76: 1554 | G76: 455 | H76: 158 | I76: 41947 | J76: =(Posts[[#This Row],[Likes]]+Posts[[#This Row],[Shares]]+Posts[[#This Row],[Comments]])/Posts[[#This Row],[Impressions]] -> 0.051660429 | K76: 48578 | L76: 101 | M76: #SoundtrackOfLife | N76: #NowPlaying | O76: ChillVibes | P76: =SUM(Posts[[#This Row],[Likes]:[Comments]]) -> 2167
A77: SP076 | B77: Instagram | C77: 45487 | D77: Text | E77: Wrapped is here! Relive your top tracks ðŸŽ§ | F77: 2464 | G77: 401 | H77: 78 | I77: 38665 | J77: =(Posts[[#This Row],[Likes]]+Posts[[#This Row],[Shares]]+Posts[[#This Row],[Comments]])/Posts[[#This Row],[Impressions]] -> 0.07611535 | K77: 73593 | L77: 207 | M77: #DiscoverWeekly | O77: IndieWave | P77: =SUM(Posts[[#This Row],[Likes]:[Comments]]) -> 2943
A78: SP077 | B78: Twitter | C78: 45805 | D78: Text | E78: From pop to podcasts, itâ€™s all here. | F78: 2418 | G78: 161 | H78: 360 | I78: 30589 | J78: =(Posts[[#This Row],[Likes]]+Posts[[#This Row],[Shares]]+Posts[[#This Row],[Comments]])/Posts[[#This Row],[Impressions]] -> 0.09608029 | K78: 41383 | L78: 88 | M78: #NowPlaying | O78: ChillVibes | P78: =SUM(Posts[[#This Row],[Likes]:[Comments]]) -> 2939
A79: SP078 | B79: Twitter | C79: 45678 | D79: Story | E79: Discover fresh beats on Spotify! | F79: 2494 | G79: 494 | H79: 55 | I79: 22580 | J79: =(Posts[[#This Row],[Likes]]+Posts[[#This Row],[Shares]]+Posts[[#This Row],[Comments]])/Posts[[#This Row],[Impressions]] -> 0.13476528 | K79: 22214 | L79: 109 | M79: #MusicForEveryone | N79: #NowPlaying | O79: ChillVibes | P79: =SUM(Posts[[#This Row],[Likes]:[Comments]]) -> 3043
A80: SP079 | B80: YouTube | C80: 45304 | D80: Reel | E80: New music just dropped. Hit play! | F80: 4781 | G80: 191 | H80: 122 | I80: 35535 | J80: =(Posts[[#This Row],[Likes]]+Posts[[#This Row],[Shares]]+Posts[[#This Row],[Comments]])/Posts[[#This Row],[Impressions]] -> 0.14335163 | K80: 50777 | L80: 128 | M80: #DiscoverWeekly | N80: #SoundtrackOfLife | O80: SummerBeats | P80: =SUM(Posts[[#This Row],[Likes]:[Comments]]) -> 5094
A81: SP080 | B81: Instagram | C81: 45825 | D81: Text | E81: Music that moves youâ€”only on Spotify. | F81: 2284 | G81: 187 | H81: 260 | I81: 37400 | J81: =(Posts[[#This Row],[Likes]]+Posts[[#This Row],[Shares]]+Posts[[#This Row],[Comments]])/Posts[[#This Row],[Impressions]] -> 0.07302139 | K81: 65014 | L81: 157 | M81: #SoundtrackOfLife | N81: #NowPlaying | O81: ChillVibes | P81: =SUM(Posts[[#This Row],[Likes]:[Comments]]) -> 2731
A82: SP081 | B82: Twitter | C82: 45723 | D82: Text | E82: Get into the groove with our new drop! | F82: 4234 | G82: 486 | H82: 276 | I82: 56623 | J82: =(Posts[[#This Row],[Likes]]+Posts[[#This Row],[Shares]]+Posts[[#This Row],[Comments]])/Posts[[#This Row],[Impressions]] -> 0.088232697 | K82: 41343 | L82: 184 | M82: #SoundtrackOfLife | O82: IndieWave | P82: =SUM(Posts[[#This Row],[Likes]:[Comments]]) -> 4996
A83: SP082 | B83: Instagram | C83: 45530 | D83: Text | E83: Your weekend playlist is waiting. | F83: 2102 | G83: 181 | H83: 306 | I83: 43650 | J83: =(Posts[[#This Row],[Likes]]+Posts[[#This Row],[Shares]]+Posts[[#This Row],[Comments]])/Posts[[#This Row],[Impressions]] -> 0.059312715 | K83: 50079 | L83: 182 | M83: #DiscoverWeekly | O83: IndieWave | P83: =SUM(Posts[[#This Row],[Likes]:[Comments]]) -> 2589
A84: SP083 | B84: Twitter | C84: 45660 | D84: Story | E84: Get into the groove with our new drop! | F84: 4845 | G84: 158 | H84: 84 | I84: 34578 | J84: =(Posts[[#This Row],[Likes]]+Posts[[#This Row],[Shares]]+Posts[[#This Row],[Comments]])/Posts[[#This Row],[Impressions]] -> 0.14711666 | K84: 51480 | L84: 180 | M84: #SoundtrackOfLife | N84: #NowPlaying | O84: ChillVibes | P84: =SUM(Posts[[#This Row],[Likes]:[Comments]]) -> 5087
A85: SP084 | B85: Twitter | C85: 45507 | D85: Text | E85: Your weekend playlist is waiting. | F85: 4247 | G85: 390 | H85: 213 | I85: 29785 | J85: =(Posts[[#This Row],[Likes]]+Posts[[#This Row],[Shares]]+Posts[[#This Row],[Comments]])/Posts[[#This Row],[Impressions]] -> 0.16283364 | K85: 57768 | L85: 122 | M85: #NowPlaying | O85: ChillVibes | P85: =SUM(Posts[[#This Row],[Likes]:[Comments]]) -> 4850
A86: SP085 | B86: Instagram | C86: 45522 | D86: Text | E86: Explore the latest podcasts now. | F86: 2965 | G86: 328 | H86: 171 | I86: 57685 | J86: =(Posts[[#This Row],[Likes]]+Posts[[#This Row],[Shares]]+Posts[[#This Row],[Comments]])/Posts[[#This Row],[Impressions]] -> 0.060050273 | K86: 67536 | L86: 264 | M86: #SoundtrackOfLife | N86: #NowPlaying | O86: ChillVibes | P86: =SUM(Posts[[#This Row],[Likes]:[Comments]]) -> 3464
A87: SP086 | B87: Twitter | C87: 45791 | D87: Story | E87: Wrapped is here! Relive your top tracks ðŸŽ§ | F87: 1371 | G87: 139 | H87: 96 | I87: 36140 | J87: =(Posts[[#This Row],[Likes]]+Posts[[#This Row],[Shares]]+Posts[[#This Row],[Comments]])/Posts[[#This Row],[Impressions]] -> 0.044438296 | K87: 39395 | L87: 169 | M87: #SoundtrackOfLife | N87: #NowPlaying | O87: ChillVibes | P87: =SUM(Posts[[#This Row],[Likes]:[Comments]]) -> 1606
A88: SP087 | B88: Twitter | C88: 45405 | D88: Story | E88: Discover fresh beats on Spotify! | F88: 2683 | G88: 496 | H88: 89 | I88: 53435 | J88: =(Posts[[#This Row],[Likes]]+Posts[[#This Row],[Shares]]+Posts[[#This Row],[Comments]])/Posts[[#This Row],[Impressions]] -> 0.061158417 | K88: 30334 | L88: 160 | M88: #SoundtrackOfLife | N88: #NowPlaying | O88: ChillVibes | P88: =SUM(Posts[[#This Row],[Likes]:[Comments]]) -> 3268
A89: SP088 | B89: Twitter | C89: 45705 | D89: Story | E89: Whatâ€™s your vibe today? #SpotifyHits | F89: 4796 | G89: 427 | H89: 339 | I89: 30752 | J89: =(Posts[[#This Row],[Likes]]+Posts[[#This Row],[Shares]]+Posts[[#This Row],[Comments]])/Posts[[#This Row],[Impressions]] -> 0.18086629 | K89: 33870 | L89: 298 | M89: #SoundtrackOfLife | N89: #NowPlaying | O89: ChillVibes | P89: =SUM(Posts[[#This Row],[Likes]:[Comments]]) -> 5562
A90: SP089 | B90: Instagram | C90: 45630 | D90: Text | E90: Wrapped is here! Relive your top tracks ðŸŽ§ | F90: 2601 | G90: 336 | H90: 260 | I90: 32368 | J90: =(Posts[[#This Row],[Likes]]+Posts[[#This Row],[Shares]]+Posts[[#This Row],[Comments]])/Posts[[#This Row],[Impressions]] -> 0.098770391 | K90: 49028 | L90: 120 | M90: #SoundtrackOfLife | N90: #NowPlaying | O90: ChillVibes | P90: =SUM(Posts[[#This Row],[Likes]:[Comments]]) -> 3197
A91: SP090 | B91: Twitter | C91: 45495 | D91: Story | E91: Wrapped is here! Relive your top tracks ðŸŽ§ | F91: 3336 | G91: 229 | H91: 337 | I91: 22117 | J91: =(Posts[[#This Row],[Likes]]+Posts[[#This Row],[Shares]]+Posts[[#This Row],[Comments]])/Posts[[#This Row],[Impressions]] -> 0.17642537 | K91: 26205 | L91: 160 | M91: #MusicForEveryone | N91: #NowPlaying | O91: ChillVibes | P91: =SUM(Posts[[#This Row],[Likes]:[Comments]]) -> 3902
A92: SP091 | B92: Twitter | C92: 45774 | D92: Text | E92: Explore the latest podcasts now. | F92: 1165 | G92: 294 | H92: 163 | I92: 20659 | J92: =(Posts[[#This Row],[Likes]]+Posts[[#This Row],[Shares]]+Posts[[#This Row],[Comments]])/Posts[[#This Row],[Impressions]] -> 0.078512997 | K92: 45926 | L92: 111 | M92: #SoundtrackOfLife | O92: IndieWave | P92: =SUM(Posts[[#This Row],[Likes]:[Comments]]) -> 1622
A93: SP092 | B93: YouTube | C93: 45376 | D93: Reel | E93: Explore the latest podcasts now. | F93: 1948 | G93: 155 | H93: 315 | I93: 30321 | J93: =(Posts[[#This Row],[Likes]]+Posts[[#This Row],[Shares]]+Posts[[#This Row],[Comments]])/Posts[[#This Row],[Impressions]] -> 0.07974671 | K93: 57121 | L93: 82 | M93: #DiscoverWeekly | N93: #SoundtrackOfLife | O93: SummerBeats | P93: =SUM(Posts[[#This Row],[Likes]:[Comments]]) -> 2418
A94: SP093 | B94: Instagram | C94: 45351 | D94: Text | E94: From pop to podcasts, itâ€™s all here. | F94: 1100 | G94: 229 | H94: 312 | I94: 25641 | J94: =(Posts[[#This Row],[Likes]]+Posts[[#This Row],[Shares]]+Posts[[#This Row],[Comments]])/Posts[[#This Row],[Impressions]] -> 0.063999064 | K94: 34601 | L94: 169 | M94: #DiscoverWeekly | O94: IndieWave | P94: =SUM(Posts[[#This Row],[Likes]:[Comments]]) -> 1641
A95: SP094 | B95: Twitter | C95: 45609 | D95: Story | E95: Top trending tracks updated daily! | F95: 4628 | G95: 257 | H95: 397 | I95: 36686 | J95: =(Posts[[#This Row],[Likes]]+Posts[[#This Row],[Shares]]+Posts[[#This Row],[Comments]])/Posts[[#This Row],[Impressions]] -> 0.14397863 | K95: 54683 | L95: 98 | M95: #SoundtrackOfLife | N95: #NowPlaying | O95: ChillVibes | P95: =SUM(Posts[[#This Row],[Likes]:[Comments]]) -> 5282
A96: SP095 | B96: Instagram | C96: 45373 | D96: Story | E96: Discover fresh beats on Spotify! | F96: 2319 | G96: 484 | H96: 193 | I96: 21202 | J96: =(Posts[[#This Row],[Likes]]+Posts[[#This Row],[Shares]]+Posts[[#This Row],[Comments]])/Posts[[#This Row],[Impressions]] -> 0.14130742 | K96: 18091 | L96: 241 | M96: #NowPlaying | O96: Wrapped2024 | P96: =SUM(Posts[[#This Row],[Likes]:[Comments]]) -> 2996
A97: SP096 | B97: Twitter | C97: 45367 | D97: Story | E97: Wrapped is here! Relive your top tracks ðŸŽ§ | F97: 2895 | G97: 292 | H97: 90 | I97: 24223 | J97: =(Posts[[#This Row],[Likes]]+Posts[[#This Row],[Shares]]+Posts[[#This Row],[Comments]])/Posts[[#This Row],[Impressions]] -> 0.13528465 | K97: 54626 | L97: 114 | M97: #SoundtrackOfLife | N97: #NowPlaying | O97: ChillVibes | P97: =SUM(Posts[[#This Row],[Likes]:[Comments]]) -> 3277
A98: SP097 | B98: Instagram | C98: 45317 | D98: Text | E98: Whatâ€™s your vibe today? #SpotifyHits | F98: 3878 | G98: 431 | H98: 97 | I98: 41763 | J98: =(Posts[[#This Row],[Likes]]+Posts[[#This Row],[Shares]]+Posts[[#This Row],[Comments]])/Posts[[#This Row],[Impressions]] -> 0.10550008 | K98: 29729 | L98: 191 | M98: #DiscoverWeekly | O98: IndieWave | P98: =SUM(Posts[[#This Row],[Likes]:[Comments]]) -> 4406
A99: SP098 | B99: Twitter | C99: 45366 | D99: Story | E99: Get into the groove with our new drop! | F99: 4969 | G99: 433 | H99: 237 | I99: 59552 | J99: =(Posts[[#This Row],[Likes]]+Posts[[#This Row],[Shares]]+Posts[[#This Row],[Comments]])/Posts[[#This Row],[Impressions]] -> 0.094690355 | K99: 23885 | L99: 157 | M99: #DiscoverWeekly | N99: #MusicForEveryone | O99: ChillVibes | P99: =SUM(Posts[[#This Row],[Likes]:[Comments]]) -> 5639
A100: SP099 | B100: Twitter | C100: 45580 | D100: Text | E100: Wrapped is here! Relive your top tracks ðŸŽ§ | F100: 1984 | G100: 481 | H100: 356 | I100: 40681 | J100: =(Posts[[#This Row],[Likes]]+Posts[[#This Row],[Shares]]+Posts[[#This Row],[Comments]])/Posts[[#This Row],[Impressions]] -> 0.069344411 | K100: 63111 | L100: 258 | M100: #NowPlaying | O100: ChillVibes | P100: =SUM(Posts[[#This Row],[Likes]:[Comments]]) -> 2821
...

Sheet Engagement Summary
A1: Week_Start_Date | B1: Platform | C1: New_Followers | D1: Unfollows | E1: Total_Followers | F1: Net Followers | G1: growth Rate | H1: Engagement_Rate | I1: Ad_Spend
A2: 45446 | B2: Instagram | C2: 1402 | D2: 68 | E2: 124562 | F2: =Engagement_Summary[[#This Row],[New_Followers]]-Engagement_Summary[[#This Row],[Unfollows]] -> 1334 | G2: =(Engagement_Summary[[#This Row],[New_Followers]]-Engagement_Summary[[#This Row],[Unfollows]])/Engagement_Summary[[#This Row],[Total_Followers]] -> 0.010709526 | H2: 9.92 | I2: 23125
A3: 45446 | B3: Twitter | C3: 995 | D3: 86 | E3: 227958 | F3: =Engagement_Summary[[#This Row],[New_Followers]]-Engagement_Summary[[#This Row],[Unfollows]] -> 909 | G3: =(Engagement_Summary[[#This Row],[New_Followers]]-Engagement_Summary[[#This Row],[Unfollows]])/Engagement_Summary[[#This Row],[Total_Followers]] -> 0.0039875767 | H3: 8.05 | I3: 22788
A4: 45446 | B4: YouTube | C4: 1472 | D4: 296 | E4: 370242 | F4: =Engagement_Summary[[#This Row],[New_Followers]]-Engagement_Summary[[#This Row],[Unfollows]] -> 1176 | G4: =(Engagement_Summary[[#This Row],[New_Followers]]-Engagement_Summary[[#This Row],[Unfollows]])/Engagement_Summary[[#This Row],[Total_Followers]] -> 0.0031763009 | H4: 7.72 | I4: 7810
A5: 45453 | B5: Instagram | C5: 1018 | D5: 90 | E5: 92474 | F5: =Engagement_Summary[[#This Row],[New_Followers]]-Engagement_Summary[[#This Row],[Unfollows]] -> 928 | G5: =(Engagement_Summary[[#This Row],[New_Followers]]-Engagement_Summary[[#This Row],[Unfollows]])/Engagement_Summary[[#This Row],[Total_Followers]] -> 0.010035253 | H5: 9.4 | I5: 11966
A6: 45453 | B6: Twitter | C6: 1461 | D6: 64 | E6: 328902 | F6: =Engagement_Summary[[#This Row],[New_Followers]]-Engagement_Summary[[#This Row],[Unfollows]] -> 1397 | G6: =(Engagement_Summary[[#This Row],[New_Followers]]-Engagement_Summary[[#This Row],[Unfollows]])/Engagement_Summary[[#This Row],[Total_Followers]] -> 0.0042474658 | H6: 9.02 | I6: 26298
A7: 45453 | B7: YouTube | C7: 545 | D7: 93 | E7: 391621 | F7: =Engagement_Summary[[#This Row],[New_Followers]]-Engagement_Summary[[#This Row],[Unfollows]] -> 452 | G7: =(Engagement_Summary[[#This Row],[New_Followers]]-Engagement_Summary[[#This Row],[Unfollows]])/Engagement_Summary[[#This Row],[Total_Followers]] -> 0.0011541771 | H7: 9.96 | I7: 22029
A8: 45460 | B8: Instagram | C8: 881 | D8: 291 | E8: 95885 | F8: =Engagement_Summary[[#This Row],[New_Followers]]-Engagement_Summary[[#This Row],[Unfollows]] -> 590 | G8: =(Engagement_Summary[[#This Row],[New_Followers]]-Engagement_Summary[[#This Row],[Unfollows]])/Engagement_Summary[[#This Row],[Total_Followers]] -> 0.0061532044 | H8: 5.29 | I8: 12391
A9: 45460 | B9: Twitter | C9: 1414 | D9: 131 | E9: 245947 | F9: =Engagement_Summary[[#This Row],[New_Followers]]-Engagement_Summary[[#This Row],[Unfollows]] -> 1283 | G9: =(Engagement_Summary[[#This Row],[New_Followers]]-Engagement_Summary[[#This Row],[Unfollows]])/Engagement_Summary[[#This Row],[Total_Followers]] -> 0.005216571 | H9: 8.3 | I9: 14477
A10: 45460 | B10: YouTube | C10: 1472 | D10: 170 | E10: 250428 | F10: =Engagement_Summary[[#This Row],[New_Followers]]-Engagement_Summary[[#This Row],[Unfollows]] -> 1302 | G10: =(Engagement_Summary[[#This Row],[New_Followers]]-Engagement_Summary[[#This Row],[Unfollows]])/Engagement_Summary[[#This Row],[Total_Followers]] -> 0.0051990991 | H10: 4.66 | I10: 25040
A11: 45467 | B11: Instagram | C11: 809 | D11: 197 | E11: 87186 | F11: =Engagement_Summary[[#This Row],[New_Followers]]-Engagement_Summary[[#This Row],[Unfollows]] -> 612 | G11: =(Engagement_Summary[[#This Row],[New_Followers]]-Engagement_Summary[[#This Row],[Unfollows]])/Engagement_Summary[[#This Row],[Total_Followers]] -> 0.0070194756 | H11: 9.48 | I11: 22619
A12: 45467 | B12: Twitter | C12: 1371 | D12: 250 | E12: 128620 | F12: =Engagement_Summary[[#This Row],[New_Followers]]-Engagement_Summary[[#This Row],[Unfollows]] -> 1121 | G12: =(Engagement_Summary[[#This Row],[New_Followers]]-Engagement_Summary[[#This Row],[Unfollows]])/Engagement_Summary[[#This Row],[Total_Followers]] -> 0.0087155963 | H12: 7.11 | I12: 12399
A13: 45467 | B13: YouTube | C13: 844 | D13: 144 | E13: 126015 | F13: =Engagement_Summary[[#This Row],[New_Followers]]-Engagement_Summary[[#This Row],[Unfollows]] -> 700 | G13: =(Engagement_Summary[[#This Row],[New_Followers]]-Engagement_Summary[[#This Row],[Unfollows]])/Engagement_Summary[[#This Row],[Total_Followers]] -> 0.0055548943 | H13: 9.65 | I13: 22456
... A201: 45908 | B201: Twitter | C201: 860 | D201: 244 | E201: 348686 | F201: =Engagement_Summary[[#This Row],[New_Followers]]-Engagement_Summary[[#This Row],[Unfollows]] -> 616 | G201: =(Engagement_Summary[[#This Row],[New_Followers]]-Engagement_Summary[[#This Row],[Unfollows]])/Engagement_Summary[[#This Row],[Total_Followers]] -> 0.0017666324 | H201: 5.12 | I201: 11418

Sheet Campaign Metadata
A1: Campaign_Name | B1: Start_Date | C1: End_Date | D1: Objective | E1: Total_Budget | F1: Target_Platforms_1 | G1: Target_Platforms_2 | H1: Primary_Hashtags_1 | I1: Primary_Hashtags_2
A2: SummerBeats | B2: 45458 | C2: 45488 | D2: Brand Awareness | E2: 175000 | F2: Instagram | G2: YouTube | H2: #SpotifyWrapped | I2: #MusicForEveryone
A3: Wrapped2024 | B3: 45627 | C3: 45657 | D3: Engagement | E3: 225000 | F3: Twitter | G3: YouTube | H3: #SpotifyWrapped | I3: #NowPlaying
A4: ChillVibes | B4: 45667 | C4: 45698 | D4: Product Launch | E4: 200000 | F4: Instagram | G4: Twitter | H4: #ChillVibes | I4: #SoundtrackOfLife
A5: IndieWave | B5: 45717 | C5: 45747 | D5: Traffic | E5: 160000 | F5: Facebook | G5: Instagram | H5: #DiscoverWeekly | I5: #IndieWave

Sheet Seprated Hashtag
A1: Post ID | B1: Platform | C1: Date | D1: Content Type | E1: Post Text | F1: Likes | G1: Shares | H1: Comments | I1: Impressions | J1: Engagement Rate | K1: Reach | L1: Clicks | M1: Campaign_Name | N1: Hashtag
A2: SP001 | B2: Instagram | C2: 45781 | D2: Text | E2: Discover fresh beats on Spotify! | F2: 2414 | G2: 245 | H2: 137 | I2: 21181 | J2: 0.1320051 | K2: 45292 | L2: 133 | M2: ChillVibes | N2: #SoundtrackOfLife
A3: SP001 | B3: Instagram | C3: 45781 | D3: Text | E3: Discover fresh beats on Spotify! | F3: 2414 | G3: 245 | H3: 137 | I3: 21181 | J3: 0.1320051 | K3: 45292 | L3: 133 | M3: ChillVibes | N3: #NowPlaying
A4: SP002 | B4: Instagram | C4: 45689 | D4: Text | E4: Explore the latest podcasts now. | F4: 1934 | G4: 210 | H4: 393 | I4: 29129 | J4: 0.087095335 | K4: 73287 | L4: 273 | M4: IndieWave | N4: #DiscoverWeekly
A5: SP003 | B5: Twitter | C5: 45629 | D5: Story | E5: New music just dropped. Hit play! | F5: 3092 | G5: 177 | H5: 81 | I5: 47533 | J5: 0.070477353 | K5: 29220 | L5: 121 | M5: ChillVibes | N5: #MusicForEveryone
A6: SP003 | B6: Twitter | C6: 45629 | D6: Story | E6: New music just dropped. Hit play! | F6: 3092 | G6: 177 | H6: 81 | I6: 47533 | J6: 0.070477353 | K6: 29220 | L6: 121 | M6: ChillVibes | N6: #NowPlaying
A7: SP004 | B7: Instagram | C7: 45629 | D7: Text | E7: Wrapped is here! Relive your top tracks ðŸŽ§ | F7: 3173 | G7: 229 | H7: 197 | I7: 29604 | J7: 0.12157141 | K7: 21809 | L7: 272 | M7: ChillVibes | N7: #SoundtrackOfLife
A8: SP004 | B8: Instagram | C8: 45629 | D8: Text | E8: Wrapped is here! Relive your top tracks ðŸŽ§ | F8: 3173 | G8: 229 | H8: 197 | I8: 29604 | J8: 0.12157141 | K8: 21809 | L8: 272 | M8: ChillVibes | N8: #NowPlaying
A9: SP005 | B9: YouTube | C9: 45388 | D9: Text | E9: Music that moves youâ€”only on Spotify. | F9: 2748 | G9: 145 | H9: 315 | I9: 24401 | J9: 0.13147002 | K9: 61182 | L9: 200 | M9: IndieWave | N9: #DiscoverWeekly
A10: SP005 | B10: YouTube | C10: 45388 | D10: Text | E10: Music that moves youâ€”only on Spotify. | F10: 2748 | G10: 145 | H10: 315 | I10: 24401 | J10: 0.13147002 | K10: 61182 | L10: 200 | M10: IndieWave | N10: #SpotifyWrapped
A11: SP006 | B11: YouTube | C11: 45456 | D11: Text | E11: Whatâ€™s your vibe today? #SpotifyHits | F11: 3882 | G11: 239 | H11: 275 | I11: 58748 | J11: 0.074828079 | K11: 44646 | L11: 149 | M11: IndieWave | N11: #DiscoverWeekly
A12: SP006 | B12: YouTube | C12: 45456 | D12: Text | E12: Whatâ€™s your vibe today? #SpotifyHits | F12: 3882 | G12: 239 | H12: 275 | I12: 58748 | J12: 0.074828079 | K12: 44646 | L12: 149 | M12: IndieWave | N12: #SpotifyWrapped
A13: SP007 | B13: Twitter | C13: 45645 | D13: Story | E13: Get into the groove with our new drop! | F13: 4674 | G13: 409 | H13: 327 | I13: 20756 | J13: 0.26064752 | K13: 63599 | L13: 212 | M13: ChillVibes | N13: #SoundtrackOfLife
... A484: SP300 | B484: Instagram | C484: 45329 | D484: Text | E484: Music that moves youâ€”only on Spotify. | F484: 1883 | G484: 432 | H484: 397 | I484: 28759 | J484: 0.094300914 | K484: 18691 | L484: 270 | M484: ChillVibes | N484: #NowPlaying

Sheet 5.1.1Campaign Effectiveness
A3: 5.1.1 Total & Average Impressions, Likes, Clicks Per Campaign
A4: Row Labels | B4: Sum of Likes | C4: Average of Likes | D4: Sum of Clicks | E4: Average of Clicks | F4: Sum of Impressions | G4: Average of Impressions
A5: ChillVibes | B5: 471034 | C5: 3058.6623 | D5: 28708 | E5: 186.41558 | F5: 6331868 | G5: 41116.026
A6: IndieWave | B6: 274455 | C6: 2919.734 | D6: 18717 | E6: 199.11702 | F6: 4039305 | G6: 42971.33
A7: SummerBeats | B7: 89871 | C7: 3099 | D7: 5557 | E7: 191.62069 | F7: 1233853 | G7: 42546.655
A8: Wrapped2024 | B8: 61815 | C8: 2687.6087 | D8: 4614 | E8: 200.6087 | F8: 865406 | G8: 37626.348

Sheet 5.1.2
A3: 5.1.2 Engagement Uplift During VS Before Campaign
A4: Campaign Name | B4: Start Date | C4: End Date | D4: Campaign Days | E4: Pre_Campaign Start | F4: Pre_Campaign End | G4: Engagement During | H4: Engagement Before | I4: Daily engagement During | J4: Daily engagement Before | K4: Engagement Uplift%
A5: IndieWave | B5: 45717 | C5: 45747 | D5: =(C5-B5)+1 -> 31 | E5: =EDATE(B5,-1) -> 45689 | F5: 45716 | G5: =SUMIFS(Posts!P:P,Posts!O:O,'5.1.2'!A5,Posts!C:C,">="&'5.1.2'!B5,Posts!C:C,"<="&'5.1.2'!C5) -> 27073 | H5: =SUMIFS(Posts!$P:$P,Posts!$O:$O,'5.1.2'!$A5,Posts!$C:$C,">="&E5,Posts!$C:$C,"<="&'5.1.2'!F5) -> 2537 | I5: =G5/D5 -> 873.32258 | J5: =H5/30 -> 84.566667 | K5: =(Table4[[#This Row],[Daily engagement During]]-Table4[[#This Row],[Daily engagement Before]])/Table4[[#This Row],[Daily engagement During]] -> 0.90316675
A6: Wrapped2024 | B6: 45627 | C6: 45657 | D6: =(C6-B6)+1 -> 31 | E6: =EDATE(B6,-1) -> 45597 | F6: 45626 | G6: =SUMIFS(Posts!P:P,Posts!O:O,'5.1.2'!A6,Posts!C:C,">="&'5.1.2'!B6,Posts!C:C,"<="&'5.1.2'!C6) -> 9546 | H6: =SUMIFS(Posts!$P:$P,Posts!$O:$O,'5.1.2'!$A6,Posts!$C:$C,">="&E6,Posts!$C:$C,"<="&'5.1.2'!F6) -> 2424 | I6: =G6/D6 -> 307.93548 | J6: =H6/30 -> 80.8 | K6: =(Table4[[#This Row],[Daily engagement During]]-Table4[[#This Row],[Daily engagement Before]])/Table4[[#This Row],[Daily engagement During]] -> 0.73760737
A7: ChillVibes | B7: 45667 | C7: 45698 | D7: =(C7-B7)+1 -> 32 | E7: =EDATE(B7,-1) -> 45636 | F7: 45666 | G7: =SUMIFS(Posts!P:P,Posts!O:O,'5.1.2'!A7,Posts!C:C,">="&'5.1.2'!B7,Posts!C:C,"<="&'5.1.2'!C7) -> 40373 | H7: =SUMIFS(Posts!$P:$P,Posts!$O:$O,'5.1.2'!$A7,Posts!$C:$C,">="&E7,Posts!$C:$C,"<="&'5.1.2'!F7) -> 54796 | I7: =G7/D7 -> 1261.6562 | J7: =H7/30 -> 1826.5333 | K7: =(Table4[[#This Row],[Daily engagement During]]-Table4[[#This Row],[Daily engagement Before]])/Table4[[#This Row],[Daily engagement During]] -> -0.44772662
A8: SummerBeats | B8: 45458 | C8: 45488 | D8: =(C8-B8)+1 -> 31 | E8: =EDATE(B8,-1) -> 45427 | F8: 45457 | G8: =SUMIFS(Posts!$P:$P,Posts!$O:$O,'5.1.2'!$A8,Posts!$C:$C,">="&'5.1.2'!$B8,Posts!$C:$C,"<="&'5.1.2'!$C8) -> 7338 | H8: =SUMIFS(Posts!$P:$P,Posts!$O:$O,'5.1.2'!$A8,Posts!$C:$C,">="&E8,Posts!$C:$C,"<="&'5.1.2'!F8) -> 12284 | I8: =G8/D8 -> 236.70968 | J8: =H8/30 -> 409.46667 | K8: =(Table4[[#This Row],[Daily engagement During]]-Table4[[#This Row],[Daily engagement Before]])/Table4[[#This Row],[Daily engagement During]] -> -0.72982647

Sheet 5.2.1
A3: 5.2.1 Campaign Roi Engagement VS Ad Spend
A4: Campaign Name | B4: Campaign Ad spend | C4: Total Engagement | D4: ROI
A5: ChillVibes | B5: =SUMIFS('Engagement Summary'!I:I,'Engagement Summary'!B:B,"Twitter",'Engagement Summary'!A:A,">="&'Campaign Metadata'!B4,'Engagement Summary'!A:A,"<="&'Campaign Metadata'!C4)+SUMIFS('Engagement Summary'!I:I,'Engagement Summary'!B:B,"YouTube",'Engagement Summary'!A:A,">="&'Campaign Metadata'!B4,'Engagement Summary'!A:A,"<="&'Campaign Metadata'!C4) -> 133793 | C5: =SUMIFS(Posts[Total Enagagement],Posts[Campaign_Name],A5) -> 551989 | D5: =B5/C5 -> 0.24238345
A6: IndieWave | B6: =SUMIFS('Engagement Summary'!I:I,'Engagement Summary'!B:B,"Twitter",'Engagement Summary'!A:A,">="&'Campaign Metadata'!B5,'Engagement Summary'!A:A,"<="&'Campaign Metadata'!C5)+SUMIFS('Engagement Summary'!I:I,'Engagement Summary'!B:B,"YouTube",'Engagement Summary'!A:A,">="&'Campaign Metadata'!B5,'Engagement Summary'!A:A,"<="&'Campaign Metadata'!C5) -> 172589 | C6: =SUMIFS(Posts[Total Enagagement],Posts[Campaign_Name],A6) -> 324406 | D6: =B6/C6 -> 0.53201544
A7: SummerBeats | B7: =SUMIFS('Engagement Summary'!I:I,'Engagement Summary'!B:B,"Twitter",'Engagement Summary'!A:A,">="&'Campaign Metadata'!B2,'Engagement Summary'!A:A,"<="&'Campaign Metadata'!C2)+SUMIFS('Engagement Summary'!I:I,'Engagement Summary'!B:B,"YouTube",'Engagement Summary'!A:A,">="&'Campaign Metadata'!B2,'Engagement Summary'!A:A,"<="&'Campaign Metadata'!C2) -> 174329 | C7: =SUMIFS(Posts[Total Enagagement],Posts[Campaign_Name],"SummerBeats") -> 105783 | D7: =B7/C7 -> 1.6479869
A8: Wrapped2024 | B8: =SUMIFS('Engagement Summary'!I:I,'Engagement Summary'!B:B,"Twitter",'Engagement Summary'!A:A,">="&'Campaign Metadata'!B3,'Engagement Summary'!A:A,"<="&'Campaign Metadata'!C3)+SUMIFS('Engagement Summary'!I:I,'Engagement Summary'!B:B,"YouTube",'Engagement Summary'!A:A,">="&'Campaign Metadata'!B3,'Engagement Summary'!A:A,"<="&'Campaign Metadata'!C3) -> 143172 | C8: =SUMIFS(Posts[Total Enagagement],Posts[Campaign_Name],A8) -> 75464 | D8: =B8/C8 -> 1.8972225

Sheet 5.2.2
A4: 5.2.2 Campaign With Strongest Follower
A5: Campaign Name | B5: Start Date | C5: End Date | D5: Net Followers
A6: SummerBeats | B6: 45458 | C6: 45488 | D6: =SUMIFS('Engagement Summary'!F:F,'Engagement Summary'!B:B,"Instagram",'Engagement Summary'!A:A,">="&'5.2.2'!B6,'Engagement Summary'!A:A,"<="&'5.2.2'!C6)+SUMIFS('Engagement Summary'!F:F,'Engagement Summary'!B:B,"YouTube",'Engagement Summary'!A:A,">="&'5.2.2'!B6,'Engagement Summary'!A:A,"<="&'5.2.2'!C6) -> 8090
A7: Wrapped2024 | B7: 45627 | C7: 45657 | D7: =SUMIFS('Engagement Summary'!F:F,'Engagement Summary'!B:B,"Twitter",'Engagement Summary'!A:A,">="&'5.2.2'!B7,'Engagement Summary'!A:A,"<="&'5.2.2'!C7)+SUMIFS('Engagement Summary'!F:F,'Engagement Summary'!B:B,"YouTube",'Engagement Summary'!A:A,">="&'5.2.2'!B7,'Engagement Summary'!A:A,"<="&'5.2.2'!C7) -> 7845
A8: ChillVibes | B8: 45667 | C8: 45698 | D8: =SUMIFS('Engagement Summary'!F:F,'Engagement Summary'!B:B,"Instagram",'Engagement Summary'!A:A,">="&'5.2.2'!B8,'Engagement Summary'!A:A,"<="&'5.2.2'!C8)+SUMIFS('Engagement Summary'!F:F,'Engagement Summary'!B:B,"Twitter",'Engagement Summary'!A:A,">="&'5.2.2'!B8,'Engagement Summary'!A:A,"<="&'5.2.2'!C8) -> 7300
A9: IndieWave | B9: 45717 | C9: 45747 | D9: =SUMIFS('Engagement Summary'!F:F,'Engagement Summary'!B:B,"Instagram",'Engagement Summary'!A:A,">="&'5.2.2'!B9,'Engagement Summary'!A:A,"<="&'5.2.2'!C9)+SUMIFS('Engagement Summary'!F:F,'Engagement Summary'!B:B,"Facebook",'Engagement Summary'!A:A,">="&'5.2.2'!B9,'Engagement Summary'!A:A,"<="&'5.2.2'!C9) -> 3389
